{"RATS1_RATS2":22.462740542768568,"RATS2_RATS3":11.267186226637909,"RATS3_RATS4":0,"RATI1_RATI2":0,"RATI2_RATI3":0,"RATI3_RATI4":10.919657557371586,"RATI4_RATI5":43.572642079124265,"RATI5_RATI6":31.535742624556711,"RATI6_RATI7":20.543195881597519,"RATI7_RATI8":16.395887637953859,"RATI9_RATI10":0,"RATI10_RATI11":0,"RATI11_RATI12":10.019827451900456,"RATI12_RATI13":37.139119838172228,"RATI13_RATI14":40.265981230060547,"RATI14_RATI15":16.567734907172365,"RATI15_RATI16":8.7011696564537431,"RABT1_RABT2":0,"RABT2_RABT3":0,"RABT3_RABT4":38.158539678970847,"RMBT1_RMBT2":53.175191583681929,"RMBT2_RMBT3":59.907188211862113,"RMBT3_RMBT4":0,"RPTI17_RPTI18":8.6687757185591252,"RPTI18_RPTI19":0,"RPTI19_RPTI20":0,"RPTI20_RPTI21":0,"RPTI21_RPTI22":0,"RPTI22_RPTI23":18.996051616004596,"RPTI23_RPTI24":11.667400126274075,"RPTI25_RPTI26":45.49980110078063,"RPTI26_RPTI27":69.811063816898283,"RPTI27_RPTI28":9.0315107858796626,"RPTI28_RPTI29":0,"RPTI29_RPTI30":6.918285752721224,"RPTI30_RPTI31":0,"RPTI31_RPTI32":0,"RPTS49_RPTS50":0,"RPTS50_RPTS51":0,"RPTS51_RPTS52":0,"RPTS52_RPTS53":0,"RPTS53_RPTS54":0,"RPTS54_RPTS55":0,"RPTS55_RPTS56":0,"RPTS57_RPTS58":0,"RPTS58_RPTS59":0,"RPTS59_RPTS60":0,"RPTS60_RPTS61":0,"RPTS61_RPTS62":0,"RPTS62_RPTS63":0,"RPTS63_RPTS64":7.1648381157600163,"RPFS1_RPFS2":14.37819884066935,"RPFS2_RPFS3":7.7798051682846188,"RPFS3_RPFS4":10.328969557108019,"RPFS4_RPFS5":0,"RPFS5_RPFS6":0,"RPFS6_RPFS7":0,"RPFS7_RPFS8":0,"RPFI1_RPFI2":0,"RPFI2_RPFI3":0,"RPFI3_RPFI4":0,"Fp1_Fp2":0,"TA71_TA82":0,"C3_C4":0,"O1_O2":0}