{"RATS1_RATS2":0,"RATS2_RATS3":0,"RATS3_RATS4":0,"RATI1_RATI2":0,"RATI2_RATI3":0,"RATI3_RATI4":0,"RATI4_RATI5":0,"RATI5_RATI6":0,"RATI6_RATI7":0,"RATI7_RATI8":0,"RATI9_RATI10":0,"RATI10_RATI11":0,"RATI11_RATI12":0,"RATI12_RATI13":6.0979825834486654,"RATI13_RATI14":0,"RATI14_RATI15":0,"RATI15_RATI16":0,"RABT1_RABT2":0,"RABT2_RABT3":0,"RABT3_RABT4":0,"RMBT1_RMBT2":8.883098542840802,"RMBT2_RMBT3":11.189603929374664,"RMBT3_RMBT4":16.795199605226461,"RPTI17_RPTI18":0,"RPTI18_RPTI19":33.28963509100528,"RPTI19_RPTI20":50.028335305884134,"RPTI20_RPTI21":34.170709507752413,"RPTI21_RPTI22":49.750149144035348,"RPTI22_RPTI23":7.4601122979558152,"RPTI23_RPTI24":13.68426927653147,"RPTI25_RPTI26":0,"RPTI26_RPTI27":0,"RPTI27_RPTI28":11.180907468470513,"RPTI28_RPTI29":11.385049299135346,"RPTI29_RPTI30":18.639239530000655,"RPTI30_RPTI31":11.414573729391298,"RPTI31_RPTI32":0,"RPTS49_RPTS50":0,"RPTS50_RPTS51":33.346587661152654,"RPTS51_RPTS52":27.437014655617318,"RPTS52_RPTS53":39.016846386431567,"RPTS53_RPTS54":23.363866970454271,"RPTS54_RPTS55":8.762008586306667,"RPTS55_RPTS56":0,"RPTS57_RPTS58":0,"RPTS58_RPTS59":172.62098059748988,"RPTS59_RPTS60":0,"RPTS60_RPTS61":0,"RPTS61_RPTS62":0,"RPTS62_RPTS63":39.480276956886833,"RPTS63_RPTS64":6.1205024394161338,"RPFS1_RPFS2":0,"RPFS2_RPFS3":0,"RPFS3_RPFS4":0,"RPFS4_RPFS5":0,"RPFS5_RPFS6":0,"RPFS6_RPFS7":0,"RPFS7_RPFS8":0,"RPFI1_RPFI2":0,"RPFI2_RPFI3":0,"RPFI3_RPFI4":0,"Fp1_Fp2":0,"TA71_TA82":0,"C3_C4":0,"O1_O2":0}