{"RATS1_RATS2":7.5231733891194059,"RATS2_RATS3":0,"RATS3_RATS4":0,"RATI1_RATI2":0,"RATI2_RATI3":0,"RATI3_RATI4":0,"RATI4_RATI5":26.378022356430904,"RATI5_RATI6":26.06823630399181,"RATI6_RATI7":29.943891460173898,"RATI7_RATI8":21.897141716265022,"RATI9_RATI10":350.26648750735109,"RATI10_RATI11":0,"RATI11_RATI12":17.594120465806217,"RATI12_RATI13":17.465338552469071,"RATI13_RATI14":16.467674609882739,"RATI14_RATI15":19.686111941104443,"RATI15_RATI16":9.1838730429873223,"RABT1_RABT2":63.529310347676066,"RABT2_RABT3":50.572526714665834,"RABT3_RABT4":68.629859231443731,"RMBT1_RMBT2":0,"RMBT2_RMBT3":0,"RMBT3_RMBT4":0,"RPTI17_RPTI18":0,"RPTI18_RPTI19":0,"RPTI19_RPTI20":0,"RPTI20_RPTI21":0,"RPTI21_RPTI22":0,"RPTI22_RPTI23":14.256352126077394,"RPTI23_RPTI24":17.038577647302336,"RPTI25_RPTI26":0,"RPTI26_RPTI27":0,"RPTI27_RPTI28":7.1902619627121176,"RPTI28_RPTI29":16.564940685120341,"RPTI29_RPTI30":23.146610956302755,"RPTI30_RPTI31":7.6973590475094396,"RPTI31_RPTI32":15.865043125311303,"RPTS49_RPTS50":0,"RPTS50_RPTS51":0,"RPTS51_RPTS52":0,"RPTS52_RPTS53":0,"RPTS53_RPTS54":0,"RPTS54_RPTS55":0,"RPTS55_RPTS56":0,"RPTS57_RPTS58":0,"RPTS58_RPTS59":0,"RPTS59_RPTS60":0,"RPTS60_RPTS61":0,"RPTS61_RPTS62":0,"RPTS62_RPTS63":0,"RPTS63_RPTS64":0,"RPFS1_RPFS2":0,"RPFS2_RPFS3":0,"RPFS3_RPFS4":0,"RPFS4_RPFS5":0,"RPFS5_RPFS6":10.359646625824986,"RPFS6_RPFS7":12.900344161932022,"RPFS7_RPFS8":0,"RPFI1_RPFI2":6.6003552488999677,"RPFI2_RPFI3":10.317463775717714,"RPFI3_RPFI4":0,"Fp1_Fp2":0,"TA71_TA82":0,"C3_C4":0,"O1_O2":0}