{"RATS1_RATS2":0,"RATS2_RATS3":0,"RATS3_RATS4":0,"RATI1_RATI2":0,"RATI2_RATI3":0,"RATI3_RATI4":9.3202389641674088,"RATI4_RATI5":0,"RATI5_RATI6":12.043741568588006,"RATI6_RATI7":0,"RATI7_RATI8":0,"RATI9_RATI10":0,"RATI10_RATI11":0,"RATI11_RATI12":0,"RATI12_RATI13":0,"RATI13_RATI14":6.2629649326695116,"RATI14_RATI15":0,"RATI15_RATI16":0,"RABT1_RABT2":0,"RABT2_RABT3":0,"RABT3_RABT4":0,"RMBT1_RMBT2":0,"RMBT2_RMBT3":0,"RMBT3_RMBT4":0,"RPTI17_RPTI18":9.9938059962651735,"RPTI18_RPTI19":0,"RPTI19_RPTI20":0,"RPTI20_RPTI21":0,"RPTI21_RPTI22":31.241084414599737,"RPTI22_RPTI23":13.024188694213757,"RPTI23_RPTI24":19.700018204045666,"RPTI25_RPTI26":17.789307099861055,"RPTI26_RPTI27":35.256130192161422,"RPTI27_RPTI28":32.60391261245023,"RPTI28_RPTI29":35.78030264782597,"RPTI29_RPTI30":28.325169987144363,"RPTI30_RPTI31":0,"RPTI31_RPTI32":9.9930530139921,"RPTS49_RPTS50":0,"RPTS50_RPTS51":30.877320597606374,"RPTS51_RPTS52":24.626821727294203,"RPTS52_RPTS53":70.922072816804913,"RPTS53_RPTS54":75.6894547000584,"RPTS54_RPTS55":25.727820037141264,"RPTS55_RPTS56":12.889259358138853,"RPTS57_RPTS58":17.749891795720494,"RPTS58_RPTS59":56.467570611053652,"RPTS59_RPTS60":91.221377962498948,"RPTS60_RPTS61":63.986616652303013,"RPTS61_RPTS62":56.720573709713953,"RPTS62_RPTS63":20.738687598713003,"RPTS63_RPTS64":17.875132329251418,"RPFS1_RPFS2":0,"RPFS2_RPFS3":0,"RPFS3_RPFS4":0,"RPFS4_RPFS5":0,"RPFS5_RPFS6":0,"RPFS6_RPFS7":6.7105999166499295,"RPFS7_RPFS8":9.9570882971176946,"RPFI1_RPFI2":0,"RPFI2_RPFI3":6.6817049257025438,"RPFI3_RPFI4":7.68239683375087,"Fp1_Fp2":0,"TA71_TA82":0,"C3_C4":0,"O1_O2":0}